order_id,order_cost,deal_category,country,email
UXX58VDI7SD,$7.13,2,Nigeria,nec.luctus@yahoo.org
NPO10QWN4TG,$30.39,9,France,eleifend.nec.malesuada@aol.net
JTK76CIG9CP,$32.94,7,Austria,facilisis.vitae@outlook.com
RVG43RZL3IR,$18.41,5,Austria,enim.etiam.imperdiet@yahoo.couk
CXQ11AKY1OT,$7.15,0,Ireland,phasellus.ornare.fusce@yahoo.org
IFZ01SVP4LB,$57.68,4,Canada,mi.eleifend.egestas@icloud.ca
UJO47ICG1PB,$53.65,5,France,proin@aol.ca
LDN94RLZ1EI,$67.32,4,South Africa,tincidunt.vehicula.risus@protonmail.edu
FJT58ZQR0MA,$17.87,5,Netherlands,arcu@hotmail.ca
NBU65MWW6TR,$37.10,6,Poland,ipsum.non.arcu@protonmail.couk
ENO72TCK2RU,$85.47,6,Spain,felis.donec@hotmail.net
HGN39JKQ7GZ,$80.08,3,United Kingdom,augue@outlook.edu
ZQI31CXW9VP,$81.18,6,Netherlands,erat@aol.edu
BPE42UHP6CN,$96.69,7,Brazil,sit.amet@hotmail.net
BKL63DYJ9GY,$33.61,4,United Kingdom,dui.nec@protonmail.org
IPQ34STK3ZV,$75.29,3,Austria,ipsum.primis@outlook.com
QIF41CPC7YQ,$50.63,3,Australia,eu@outlook.com
XAS04BNE7HL,$64.76,5,Ukraine,velit@aol.couk
WTU62HXS1RS,$62.16,7,Brazil,tempor@outlook.net
VNE35PXT8FW,$32.65,8,Australia,nan
FTB33NFF5BK,$80.83,8,Canada,erat@outlook.com
UJQ26WYS2FP,$60.21,3,Sweden,et.magnis.dis@icloud.com
DHH96SMV0QJ,$45.30,5,Singapore,magna@outlook.edu
PKD46TOO3KU,$97.17,1,Spain,dapibus.id@yahoo.couk
FHV36DFD0XE,$31.48,1,Germany,nunc.quisque@google.net
PYS50BOM6ED,$57.52,4,Austria,mauris.quis.turpis@google.net
ZFB24ZBU5BX,$38.27,0,Germany,rutrum.non.hendrerit@icloud.org
CBR12QXG6VM,$64.24,7,United States,tellus.faucibus@aol.ca
CXL51ISJ3FT,$71.66,9,Ukraine,turpis.in.condimentum@icloud.ca
HHH07KUH8AL,$52.40,5,Norway,egestas.a.scelerisque@hotmail.net
WSG57TBS6XW,$26.41,7,Indonesia,dolor.dapibus.gravida@hotmail.net
ZOA62ELB6RK,$98.87,10,United Kingdom,phasellus.at@icloud.org
YSR28GGR4NU,$15.11,4,Ireland,massa.mauris.vestibulum@protonmail.couk
XQE14NFW7HS,$6.14,9,China,at.pede.cras@aol.org
YTN89VGQ3XR,$48.14,1,Germany,dis.parturient@protonmail.ca
UJW41QXS3HV,$89.21,0,Spain,nan
BMC97IEJ5XU,$12.51,2,Italy,egestas.a.scelerisque@protonmail.edu
XFD18MCN9LO,$51.39,3,Ireland,curabitur@yahoo.com
RGF23VIT3BH,$78.12,7,France,amet@hotmail.ca
RDT09KOW7WP,$8.02,1,China,quisque.fringilla.euismod@icloud.ca
JPH18DON8ZY,$31.35,5,Germany,dui.nec.tempus@hotmail.com
HUU62QPT1ER,$25.46,9,Russian Federation,eget.dictum@icloud.ca
CPJ36KRJ1VG,$47.21,7,Singapore,lectus.cum.sociis@outlook.com
RDQ35QMH8VW,$53.41,9,Norway,cubilia.curae.phasellus@yahoo.ca
NYG38VBF7ZK,$60.96,2,New Zealand,pede.blandit@protonmail.com
EYP25FYG0LN,$41.48,9,Russian Federation,pede.blandit@protonmail.couk
QCO32OAT1LG,$99.37,3,Italy,rutrum.magna.cras@google.ca
ZXW38LOX8XE,$7.44,8,Italy,ultricies@hotmail.net
GFF38UTR4KY,$89.90,6,South Africa,at@google.net
PKO46GSN2CP,$87.11,8,Australia,a@protonmail.couk
PQI52MCU2FV,$18.79,3,Colombia,cum.sociis@aol.couk
NRG36FNO6PS,$50.78,0,Nigeria,aliquam.nisl@aol.ca
XIV54SGO9UL,$71.28,6,Australia,neque.sed@google.ca
EGQ41ZQH6ST,$42.53,8,Vietnam,vehicula.et@yahoo.net
MVH05CJI0YI,$90.93,5,Singapore,nulla.facilisis@outlook.edu
ICW90PRN2OE,$9.11,2,Germany,condimentum.donec@google.edu
IUJ35FAF4KG,$12.81,2,United States,habitant.morbi.tristique@outlook.ca
YNK54NJR7QI,$87.65,5,South Korea,rhoncus.donec@protonmail.org
NJV06PRO1KW,$69.33,7,Austria,vivamus@yahoo.org
YQW39PLE4XJ,$13.23,5,Austria,molestie.in.tempus@hotmail.couk
TSC76QUS2LI,$82.36,4,Pakistan,nunc@google.net
UYO65RYB6XP,$54.36,9,Russian Federation,vestibulum@hotmail.ca
VWN64UGH8YR,$95.51,6,Canada,est@google.ca
QOU36UNY9FC,$44.79,3,Canada,nec.malesuada.ut@yahoo.couk
GYF92GBN5NI,$60.72,7,United States,ornare.lectus@yahoo.org
XJP66NWV2RC,$76.75,9,Sweden,et.ipsum@outlook.net
QFX53PBS1UG,$16.28,4,Belgium,pede.malesuada.vel@yahoo.net
EYD18LPD5RQ,$61.13,1,Spain,dui.nec@icloud.edu
BZV48MDM4LE,$14.46,4,Turkey,nunc@yahoo.net
WWD30GBU4EK,$10.87,8,Russian Federation,ac.nulla@protonmail.couk
GRJ67YFH5QQ,$5.09,1,Mexico,bibendum.fermentum.metus@yahoo.com
HJL90SUB8VL,$33.11,2,Spain,sed@yahoo.org
ONQ85GYC6YR,$67.59,3,France,vitae@hotmail.edu
BCZ28RBA6UQ,$87.09,9,India,vitae@hotmail.couk
KRT76LTF6MI,$79.99,1,Sweden,donec@yahoo.couk
TSD34JUT3XW,$81.95,5,Vietnam,iaculis@hotmail.ca
MTK08STQ1GZ,$20.68,0,Netherlands,at.velit@protonmail.edu
OVD19DQW7OV,$77.61,3,Ukraine,nunc.quis@aol.org
GLD69QBP6PE,$29.06,3,Indonesia,ac@yahoo.net
RAS32LGD3YJ,$25.78,5,Ireland,etiam.bibendum@icloud.org
EHF71MQY9FE,$52.86,2,Costa Rica,dolor.sit.amet@yahoo.org
VMH13KHY6DJ,$31.85,8,Italy,diam@icloud.ca
UXB89JLG8SS,$4.90,5,Philippines,mollis.non@protonmail.couk
NNI07LYG5GR,$7.10,8,Nigeria,et@outlook.ca
UCT23RAB3GI,$71.42,3,Chile,felis@outlook.org
QGX69JML2AY,$32.59,9,Singapore,massa.lobortis.ultrices@hotmail.couk
DHE69AQS8WX,$1.35,4,Ukraine,aliquam.nisl@yahoo.org
DNH02WXY8AA,$9.95,1,New Zealand,facilisis.non@icloud.org
JYE96ITK7NZ,$93.14,8,Mexico,arcu@icloud.net
JDR87KNQ6TI,$20.24,2,Belgium,nan
CKK57VGC6WV,$49.18,4,Singapore,amet.ante@aol.ca
VFJ66TNS7HC,$43.82,6,Italy,lorem.fringilla.ornare@yahoo.org
UEE56PVB9HK,$26.23,8,Singapore,cum.sociis@outlook.ca
WAB82JCG0XA,$80.45,3,Singapore,tincidunt.adipiscing@yahoo.edu
DNE84CQH8OJ,$36.30,1,Canada,nunc.ac@google.edu
LTQ72DUF6DY,$86.56,3,Singapore,id@hotmail.net
JMI31EBQ9VP,$43.63,4,Mexico,nan
YSF25ATX4PE,$83.09,5,Indonesia,pede.blandit@google.couk
KLS38YMT4EI,$94.51,9,Belgium,pede.nunc@yahoo.com
UWG53CKG5XH,$16.54,9,Costa Rica,vestibulum.mauris@yahoo.com
